type,timestamp,sessionID,uid,query,docid,rank,page,url,windowLocation,fromURL,toURL,clicked,fromPage,toPage
TaskStarted,2026-03-11 16:06:00.867000+00:00,24cce0de-96b4-41eb-bd43-110c3e25313a,Participant10,,,,,,,,,,,
idSubmitted,2026-03-11 16:06:00.878000+00:00,24cce0de-96b4-41eb-bd43-110c3e25313a,Participant10,,,,,,,,,,,
queryBoxFocused,2026-03-11 16:06:02.336000+00:00,24cce0de-96b4-41eb-bd43-110c3e25313a,Participant10,,,,,,,,,,,
querySubmitted,2026-03-11 16:06:08.298000+00:00,24cce0de-96b4-41eb-bd43-110c3e25313a,Participant10,can pigs climb trees,,,,,,,,,,
searchResultGenerated,2026-03-11 16:06:09.649000+00:00,24cce0de-96b4-41eb-bd43-110c3e25313a,Participant10,can pigs climb trees,4790,1,1,https://www.commonlit.org/texts/the-three-little-pigs,http://localhost:7001/result?query=can pigs climb trees&page=1,,,,,
searchResultGenerated,2026-03-11 16:06:09.649000+00:00,24cce0de-96b4-41eb-bd43-110c3e25313a,Participant10,can pigs climb trees,5779,2,1,http://www.gutenberg.org/files/24940/24940-h/24940-h.htm#Page_90,http://localhost:7001/result?query=can pigs climb trees&page=1,,,,,
searchResultGenerated,2026-03-11 16:06:09.649000+00:00,24cce0de-96b4-41eb-bd43-110c3e25313a,Participant10,can pigs climb trees,7020,3,1,http://www.gutenberg.org/files/25359/25359-h/25359-h.htm#Page_204,http://localhost:7001/result?query=can pigs climb trees&page=1,,,,,
searchResultGenerated,2026-03-11 16:06:09.650000+00:00,24cce0de-96b4-41eb-bd43-110c3e25313a,Participant10,can pigs climb trees,3441,4,1,https://www.africanstorybook.org/#,http://localhost:7001/result?query=can pigs climb trees&page=1,,,,,
searchResultGenerated,2026-03-11 16:06:09.650000+00:00,24cce0de-96b4-41eb-bd43-110c3e25313a,Participant10,can pigs climb trees,2659,5,1,https://www.africanstorybook.org/,http://localhost:7001/result?query=can pigs climb trees&page=1,,,,,
searchResultGenerated,2026-03-11 16:06:09.650000+00:00,24cce0de-96b4-41eb-bd43-110c3e25313a,Participant10,can pigs climb trees,2834,6,1,https://www.africanstorybook.org/,http://localhost:7001/result?query=can pigs climb trees&page=1,,,,,
searchResultGenerated,2026-03-11 16:06:09.650000+00:00,24cce0de-96b4-41eb-bd43-110c3e25313a,Participant10,can pigs climb trees,3300,7,1,https://www.africanstorybook.org/#,http://localhost:7001/result?query=can pigs climb trees&page=1,,,,,
searchResultGenerated,2026-03-11 16:06:09.650000+00:00,24cce0de-96b4-41eb-bd43-110c3e25313a,Participant10,can pigs climb trees,4492,8,1,https://www.commonlit.org/texts/the-sheep-and-the-pig,http://localhost:7001/result?query=can pigs climb trees&page=1,,,,,
searchResultGenerated,2026-03-11 16:06:09.651000+00:00,24cce0de-96b4-41eb-bd43-110c3e25313a,Participant10,can pigs climb trees,3092,9,1,https://www.africanstorybook.org/#,http://localhost:7001/result?query=can pigs climb trees&page=1,,,,,
searchResultGenerated,2026-03-11 16:06:09.651000+00:00,24cce0de-96b4-41eb-bd43-110c3e25313a,Participant10,can pigs climb trees,7167,10,1,http://www.gutenberg.org/cache/epub/3152/pg3152.html,http://localhost:7001/result?query=can pigs climb trees&page=1,,,,,
cursorEnteredSnippet,2026-03-11 16:06:10.075000+00:00,24cce0de-96b4-41eb-bd43-110c3e25313a,Participant10,can pigs climb trees,4790,1,1,https://www.commonlit.org/texts/the-three-little-pigs,http://localhost:7001/result?query=can pigs climb trees&page=1,,,,,
cursorLeftSnippet,2026-03-11 16:06:10.201000+00:00,24cce0de-96b4-41eb-bd43-110c3e25313a,Participant10,can pigs climb trees,4790,1,1,https://www.commonlit.org/texts/the-three-little-pigs,http://localhost:7001/result?query=can pigs climb trees&page=1,,,,,
cursorEnteredSnippet,2026-03-11 16:06:12.058000+00:00,24cce0de-96b4-41eb-bd43-110c3e25313a,Participant10,can pigs climb trees,4492,8,1,https://www.commonlit.org/texts/the-sheep-and-the-pig,http://localhost:7001/result?query=can pigs climb trees&page=1,,,,,
cursorLeftSnippet,2026-03-11 16:06:12.109000+00:00,24cce0de-96b4-41eb-bd43-110c3e25313a,Participant10,can pigs climb trees,4492,8,1,https://www.commonlit.org/texts/the-sheep-and-the-pig,http://localhost:7001/result?query=can pigs climb trees&page=1,,,,,
cursorEnteredSnippet,2026-03-11 16:06:12.110000+00:00,24cce0de-96b4-41eb-bd43-110c3e25313a,Participant10,can pigs climb trees,3092,9,1,https://www.africanstorybook.org/#,http://localhost:7001/result?query=can pigs climb trees&page=1,,,,,
clickedResult,2026-03-11 16:06:12.672000+00:00,24cce0de-96b4-41eb-bd43-110c3e25313a,Participant10,can pigs climb trees,3092,9,1,https://www.africanstorybook.org/#,https://www.africanstorybook.org/#,,,,,
cursorLeftSnippet,2026-03-11 16:06:14.187000+00:00,24cce0de-96b4-41eb-bd43-110c3e25313a,Participant10,can pigs climb trees,3092,9,1,https://www.africanstorybook.org/#,http://localhost:7001/result?query=can pigs climb trees&page=1,,,,,
wentBack,2026-03-11 16:06:17.803000+00:00,24cce0de-96b4-41eb-bd43-110c3e25313a,Participant10,can pigs climb trees,,,,,,https://www.africanstorybook.org/#,http://localhost:7001/result?query=can pigs climb trees&page=1,,,
cursorEnteredSnippet,2026-03-11 16:06:17.907000+00:00,24cce0de-96b4-41eb-bd43-110c3e25313a,Participant10,can pigs climb trees,4492,8,1,https://www.commonlit.org/texts/the-sheep-and-the-pig,http://localhost:7001/result?query=can pigs climb trees&page=1,,,,,
cursorLeftSnippet,2026-03-11 16:06:17.941000+00:00,24cce0de-96b4-41eb-bd43-110c3e25313a,Participant10,can pigs climb trees,4492,8,1,https://www.commonlit.org/texts/the-sheep-and-the-pig,http://localhost:7001/result?query=can pigs climb trees&page=1,,,,,
cursorEnteredSnippet,2026-03-11 16:06:17.958000+00:00,24cce0de-96b4-41eb-bd43-110c3e25313a,Participant10,can pigs climb trees,3092,9,1,https://www.africanstorybook.org/#,http://localhost:7001/result?query=can pigs climb trees&page=1,,,,,
cursorLeftSnippet,2026-03-11 16:06:18.691000+00:00,24cce0de-96b4-41eb-bd43-110c3e25313a,Participant10,can pigs climb trees,3092,9,1,https://www.africanstorybook.org/#,http://localhost:7001/result?query=can pigs climb trees&page=1,,,,,
cursorEnteredSnippet,2026-03-11 16:06:18.707000+00:00,24cce0de-96b4-41eb-bd43-110c3e25313a,Participant10,can pigs climb trees,7167,10,1,http://www.gutenberg.org/cache/epub/3152/pg3152.html,http://localhost:7001/result?query=can pigs climb trees&page=1,,,,,
cursorLeftSnippet,2026-03-11 16:06:18.942000+00:00,24cce0de-96b4-41eb-bd43-110c3e25313a,Participant10,can pigs climb trees,7167,10,1,http://www.gutenberg.org/cache/epub/3152/pg3152.html,http://localhost:7001/result?query=can pigs climb trees&page=1,,,,,
pageNavigationClicked,2026-03-11 16:06:20.422000+00:00,24cce0de-96b4-41eb-bd43-110c3e25313a,Participant10,,,,,,,,,6,1.0,6.0
searchResultGenerated,2026-03-11 16:06:20.847000+00:00,24cce0de-96b4-41eb-bd43-110c3e25313a,Participant10,can pigs climb trees,3888,1,6,http://www.gutenberg.org/cache/epub/6328/pg6328-images.html,http://localhost:7001/result?query=can+pigs+climb+trees&page=6,,,,,
searchResultGenerated,2026-03-11 16:06:20.847000+00:00,24cce0de-96b4-41eb-bd43-110c3e25313a,Participant10,can pigs climb trees,5567,2,6,http://www.gutenberg.org/files/28132/28132-h/28132-h.htm#Page_109,http://localhost:7001/result?query=can+pigs+climb+trees&page=6,,,,,
searchResultGenerated,2026-03-11 16:06:20.848000+00:00,24cce0de-96b4-41eb-bd43-110c3e25313a,Participant10,can pigs climb trees,6755,3,6,http://www.gutenberg.org/cache/epub/10320/pg10320-images.html,http://localhost:7001/result?query=can+pigs+climb+trees&page=6,,,,,
searchResultGenerated,2026-03-11 16:06:20.848000+00:00,24cce0de-96b4-41eb-bd43-110c3e25313a,Participant10,can pigs climb trees,5480,4,6,http://www.gutenberg.org/ebooks/19399,http://localhost:7001/result?query=can+pigs+climb+trees&page=6,,,,,
searchResultGenerated,2026-03-11 16:06:20.848000+00:00,24cce0de-96b4-41eb-bd43-110c3e25313a,Participant10,can pigs climb trees,2833,5,6,https://www.africanstorybook.org/,http://localhost:7001/result?query=can+pigs+climb+trees&page=6,,,,,
searchResultGenerated,2026-03-11 16:06:20.848000+00:00,24cce0de-96b4-41eb-bd43-110c3e25313a,Participant10,can pigs climb trees,3233,6,6,https://www.africanstorybook.org/#,http://localhost:7001/result?query=can+pigs+climb+trees&page=6,,,,,
searchResultGenerated,2026-03-11 16:06:20.848000+00:00,24cce0de-96b4-41eb-bd43-110c3e25313a,Participant10,can pigs climb trees,3285,7,6,https://www.digitallibrary.io/en/books/details/3739,http://localhost:7001/result?query=can+pigs+climb+trees&page=6,,,,,
searchResultGenerated,2026-03-11 16:06:20.849000+00:00,24cce0de-96b4-41eb-bd43-110c3e25313a,Participant10,can pigs climb trees,3271,8,6,https://www.africanstorybook.org/,http://localhost:7001/result?query=can+pigs+climb+trees&page=6,,,,,
searchResultGenerated,2026-03-11 16:06:20.849000+00:00,24cce0de-96b4-41eb-bd43-110c3e25313a,Participant10,can pigs climb trees,1579,9,6,http://www.gutenberg.org/files/16173/16173-h/16173-h.htm#mayday,http://localhost:7001/result?query=can+pigs+climb+trees&page=6,,,,,
searchResultGenerated,2026-03-11 16:06:20.849000+00:00,24cce0de-96b4-41eb-bd43-110c3e25313a,Participant10,can pigs climb trees,7149,10,6,http://www.gutenberg.org/cache/epub/3152/pg3152.html,http://localhost:7001/result?query=can+pigs+climb+trees&page=6,,,,,
cursorEnteredSnippet,2026-03-11 16:06:20.871000+00:00,24cce0de-96b4-41eb-bd43-110c3e25313a,Participant10,can pigs climb trees,6755,3,6,http://www.gutenberg.org/cache/epub/10320/pg10320-images.html,http://localhost:7001/result?query=can+pigs+climb+trees&page=6,,,,,
cursorLeftSnippet,2026-03-11 16:06:21.155000+00:00,24cce0de-96b4-41eb-bd43-110c3e25313a,Participant10,can pigs climb trees,6755,3,6,http://www.gutenberg.org/cache/epub/10320/pg10320-images.html,http://localhost:7001/result?query=can+pigs+climb+trees&page=6,,,,,
cursorEnteredSnippet,2026-03-11 16:06:21.157000+00:00,24cce0de-96b4-41eb-bd43-110c3e25313a,Participant10,can pigs climb trees,5567,2,6,http://www.gutenberg.org/files/28132/28132-h/28132-h.htm#Page_109,http://localhost:7001/result?query=can+pigs+climb+trees&page=6,,,,,
clickedResult,2026-03-11 16:06:21.849000+00:00,24cce0de-96b4-41eb-bd43-110c3e25313a,Participant10,can pigs climb trees,5567,2,6,http://www.gutenberg.org/files/28132/28132-h/28132-h.htm#Page_109,http://www.gutenberg.org/files/28132/28132-h/28132-h.htm#Page_109,,,,,
cursorLeftSnippet,2026-03-11 16:06:22.337000+00:00,24cce0de-96b4-41eb-bd43-110c3e25313a,Participant10,can pigs climb trees,5567,2,6,http://www.gutenberg.org/files/28132/28132-h/28132-h.htm#Page_109,http://localhost:7001/result?query=can+pigs+climb+trees&page=6,,,,,
wentBack,2026-03-11 16:06:27.068000+00:00,24cce0de-96b4-41eb-bd43-110c3e25313a,Participant10,can pigs climb trees,,,,,,http://www.gutenberg.org/files/28132/28132-h/28132-h.htm#Page_109,http://localhost:7001/result?query=can+pigs+climb+trees&page=6,,,
cursorEnteredSnippet,2026-03-11 16:06:30.240000+00:00,24cce0de-96b4-41eb-bd43-110c3e25313a,Participant10,can pigs climb trees,7149,10,6,http://www.gutenberg.org/cache/epub/3152/pg3152.html,http://localhost:7001/result?query=can+pigs+climb+trees&page=6,,,,,
cursorLeftSnippet,2026-03-11 16:06:30.257000+00:00,24cce0de-96b4-41eb-bd43-110c3e25313a,Participant10,can pigs climb trees,7149,10,6,http://www.gutenberg.org/cache/epub/3152/pg3152.html,http://localhost:7001/result?query=can+pigs+climb+trees&page=6,,,,,
pageNavigationClicked,2026-03-11 16:06:31.176000+00:00,24cce0de-96b4-41eb-bd43-110c3e25313a,Participant10,,,,,,,,,4,6.0,4.0
searchResultGenerated,2026-03-11 16:06:31.741000+00:00,24cce0de-96b4-41eb-bd43-110c3e25313a,Participant10,can pigs climb trees,5313,1,4,http://www.gutenberg.org/files/40756/40756-h/40756-h.htm#Page_146,http://localhost:7001/result?query=can+pigs+climb+trees&page=4,,,,,
searchResultGenerated,2026-03-11 16:06:31.742000+00:00,24cce0de-96b4-41eb-bd43-110c3e25313a,Participant10,can pigs climb trees,5463,2,4,http://www.gutenberg.org/files/28142/28142-h/28142-h.htm#Page_91,http://localhost:7001/result?query=can+pigs+climb+trees&page=4,,,,,
searchResultGenerated,2026-03-11 16:06:31.742000+00:00,24cce0de-96b4-41eb-bd43-110c3e25313a,Participant10,can pigs climb trees,7166,3,4,http://www.gutenberg.org/cache/epub/3152/pg3152.html,http://localhost:7001/result?query=can+pigs+climb+trees&page=4,,,,,
searchResultGenerated,2026-03-11 16:06:31.742000+00:00,24cce0de-96b4-41eb-bd43-110c3e25313a,Participant10,can pigs climb trees,3247,4,4,https://www.africanstorybook.org/,http://localhost:7001/result?query=can+pigs+climb+trees&page=4,,,,,
searchResultGenerated,2026-03-11 16:06:31.743000+00:00,24cce0de-96b4-41eb-bd43-110c3e25313a,Participant10,can pigs climb trees,3606,5,4,http://www.gutenberg.org/files/42796/42796-h/42796-h.htm,http://localhost:7001/result?query=can+pigs+climb+trees&page=4,,,,,
searchResultGenerated,2026-03-11 16:06:31.743000+00:00,24cce0de-96b4-41eb-bd43-110c3e25313a,Participant10,can pigs climb trees,1598,6,4,http://www.gutenberg.org/cache/epub/3152/pg3152-images.html,http://localhost:7001/result?query=can+pigs+climb+trees&page=4,,,,,
searchResultGenerated,2026-03-11 16:06:31.744000+00:00,24cce0de-96b4-41eb-bd43-110c3e25313a,Participant10,can pigs climb trees,4791,7,4,https://www.commonlit.org/texts/jack-and-the-beanstalk,http://localhost:7001/result?query=can+pigs+climb+trees&page=4,,,,,
searchResultGenerated,2026-03-11 16:06:31.744000+00:00,24cce0de-96b4-41eb-bd43-110c3e25313a,Participant10,can pigs climb trees,6810,8,4,http://www.gutenberg.org/files/16540/16540-h/16540-h.htm#THE_BLACKBIRDS_NEST,http://localhost:7001/result?query=can+pigs+climb+trees&page=4,,,,,
searchResultGenerated,2026-03-11 16:06:31.744000+00:00,24cce0de-96b4-41eb-bd43-110c3e25313a,Participant10,can pigs climb trees,7187,9,4,http://www.gutenberg.org/files/17513/17513-h/17513-h.htm#page18,http://localhost:7001/result?query=can+pigs+climb+trees&page=4,,,,,
searchResultGenerated,2026-03-11 16:06:31.745000+00:00,24cce0de-96b4-41eb-bd43-110c3e25313a,Participant10,can pigs climb trees,3353,10,4,https://www.digitallibrary.io/en/books/details/3707,http://localhost:7001/result?query=can+pigs+climb+trees&page=4,,,,,
cursorEnteredSnippet,2026-03-11 16:06:31.757000+00:00,24cce0de-96b4-41eb-bd43-110c3e25313a,Participant10,can pigs climb trees,7166,3,4,http://www.gutenberg.org/cache/epub/3152/pg3152.html,http://localhost:7001/result?query=can+pigs+climb+trees&page=4,,,,,
cursorLeftSnippet,2026-03-11 16:06:32.074000+00:00,24cce0de-96b4-41eb-bd43-110c3e25313a,Participant10,can pigs climb trees,7166,3,4,http://www.gutenberg.org/cache/epub/3152/pg3152.html,http://localhost:7001/result?query=can+pigs+climb+trees&page=4,,,,,
cursorEnteredSnippet,2026-03-11 16:06:32.206000+00:00,24cce0de-96b4-41eb-bd43-110c3e25313a,Participant10,can pigs climb trees,5463,2,4,http://www.gutenberg.org/files/28142/28142-h/28142-h.htm#Page_91,http://localhost:7001/result?query=can+pigs+climb+trees&page=4,,,,,
clickedResult,2026-03-11 16:06:32.855000+00:00,24cce0de-96b4-41eb-bd43-110c3e25313a,Participant10,can pigs climb trees,5463,2,4,http://www.gutenberg.org/files/28142/28142-h/28142-h.htm#Page_91,http://www.gutenberg.org/files/28142/28142-h/28142-h.htm#Page_91,,,,,
cursorLeftSnippet,2026-03-11 16:06:33.079000+00:00,24cce0de-96b4-41eb-bd43-110c3e25313a,Participant10,can pigs climb trees,5463,2,4,http://www.gutenberg.org/files/28142/28142-h/28142-h.htm#Page_91,http://localhost:7001/result?query=can+pigs+climb+trees&page=4,,,,,
wentBack,2026-03-11 16:06:37.723000+00:00,24cce0de-96b4-41eb-bd43-110c3e25313a,Participant10,can pigs climb trees,,,,,,http://www.gutenberg.org/files/28142/28142-h/28142-h.htm#Page_91,http://localhost:7001/result?query=can+pigs+climb+trees&page=4,,,
cursorEnteredSnippet,2026-03-11 16:06:38.214000+00:00,24cce0de-96b4-41eb-bd43-110c3e25313a,Participant10,can pigs climb trees,5463,2,4,http://www.gutenberg.org/files/28142/28142-h/28142-h.htm#Page_91,http://localhost:7001/result?query=can+pigs+climb+trees&page=4,,,,,
cursorLeftSnippet,2026-03-11 16:06:38.256000+00:00,24cce0de-96b4-41eb-bd43-110c3e25313a,Participant10,can pigs climb trees,5463,2,4,http://www.gutenberg.org/files/28142/28142-h/28142-h.htm#Page_91,http://localhost:7001/result?query=can+pigs+climb+trees&page=4,,,,,
cursorEnteredSnippet,2026-03-11 16:06:38.257000+00:00,24cce0de-96b4-41eb-bd43-110c3e25313a,Participant10,can pigs climb trees,7166,3,4,http://www.gutenberg.org/cache/epub/3152/pg3152.html,http://localhost:7001/result?query=can+pigs+climb+trees&page=4,,,,,
cursorLeftSnippet,2026-03-11 16:06:38.532000+00:00,24cce0de-96b4-41eb-bd43-110c3e25313a,Participant10,can pigs climb trees,7166,3,4,http://www.gutenberg.org/cache/epub/3152/pg3152.html,http://localhost:7001/result?query=can+pigs+climb+trees&page=4,,,,,
cursorEnteredSnippet,2026-03-11 16:06:45.324000+00:00,24cce0de-96b4-41eb-bd43-110c3e25313a,Participant10,can pigs climb trees,5313,1,4,http://www.gutenberg.org/files/40756/40756-h/40756-h.htm#Page_146,http://localhost:7001/result?query=can+pigs+climb+trees&page=4,,,,,
cursorLeftSnippet,2026-03-11 16:06:45.356000+00:00,24cce0de-96b4-41eb-bd43-110c3e25313a,Participant10,can pigs climb trees,5313,1,4,http://www.gutenberg.org/files/40756/40756-h/40756-h.htm#Page_146,http://localhost:7001/result?query=can+pigs+climb+trees&page=4,,,,,
queryBoxFocused,2026-03-11 16:06:45.804000+00:00,24cce0de-96b4-41eb-bd43-110c3e25313a,Participant10,,,,,,,,,,,
querySubmitted,2026-03-11 16:06:53.543000+00:00,24cce0de-96b4-41eb-bd43-110c3e25313a,Participant10,what do pigs eat?,,,,,,,,,,
searchResultGenerated,2026-03-11 16:06:54.055000+00:00,24cce0de-96b4-41eb-bd43-110c3e25313a,Participant10,what do pigs eat,3300,1,1,https://www.africanstorybook.org/#,http://localhost:7001/result?query=what do pigs eat&page=1,,,,,
searchResultGenerated,2026-03-11 16:06:54.055000+00:00,24cce0de-96b4-41eb-bd43-110c3e25313a,Participant10,what do pigs eat,7016,2,1,http://www.gutenberg.org/files/25359/25359-h/25359-h.htm#Page_185,http://localhost:7001/result?query=what do pigs eat&page=1,,,,,
searchResultGenerated,2026-03-11 16:06:54.056000+00:00,24cce0de-96b4-41eb-bd43-110c3e25313a,Participant10,what do pigs eat,5536,3,1,http://www.gutenberg.org/files/28130/28130-h/28130-h.htm#Page_61,http://localhost:7001/result?query=what do pigs eat&page=1,,,,,
searchResultGenerated,2026-03-11 16:06:54.056000+00:00,24cce0de-96b4-41eb-bd43-110c3e25313a,Participant10,what do pigs eat,5313,4,1,http://www.gutenberg.org/files/40756/40756-h/40756-h.htm#Page_146,http://localhost:7001/result?query=what do pigs eat&page=1,,,,,
searchResultGenerated,2026-03-11 16:06:54.056000+00:00,24cce0de-96b4-41eb-bd43-110c3e25313a,Participant10,what do pigs eat,1159,5,1,http://www.gutenberg.org/files/17163/17163-h/17163-h.htm,http://localhost:7001/result?query=what do pigs eat&page=1,,,,,
searchResultGenerated,2026-03-11 16:06:54.057000+00:00,24cce0de-96b4-41eb-bd43-110c3e25313a,Participant10,what do pigs eat,5695,6,1,http://www.gutenberg.org/files/24476/24476-h/24476-h.htm#Page_93,http://localhost:7001/result?query=what do pigs eat&page=1,,,,,
searchResultGenerated,2026-03-11 16:06:54.057000+00:00,24cce0de-96b4-41eb-bd43-110c3e25313a,Participant10,what do pigs eat,5514,7,1,http://www.gutenberg.org/files/28140/28140-h/28140-h.htm#Page_180,http://localhost:7001/result?query=what do pigs eat&page=1,,,,,
searchResultGenerated,2026-03-11 16:06:54.058000+00:00,24cce0de-96b4-41eb-bd43-110c3e25313a,Participant10,what do pigs eat,4790,8,1,https://www.commonlit.org/texts/the-three-little-pigs,http://localhost:7001/result?query=what do pigs eat&page=1,,,,,
searchResultGenerated,2026-03-11 16:06:54.058000+00:00,24cce0de-96b4-41eb-bd43-110c3e25313a,Participant10,what do pigs eat,4492,9,1,https://www.commonlit.org/texts/the-sheep-and-the-pig,http://localhost:7001/result?query=what do pigs eat&page=1,,,,,
searchResultGenerated,2026-03-11 16:06:54.059000+00:00,24cce0de-96b4-41eb-bd43-110c3e25313a,Participant10,what do pigs eat,2513,10,1,https://www.africanstorybook.org/,http://localhost:7001/result?query=what do pigs eat&page=1,,,,,
cursorEnteredSnippet,2026-03-11 16:06:54.756000+00:00,24cce0de-96b4-41eb-bd43-110c3e25313a,Participant10,what do pigs eat,3300,1,1,https://www.africanstorybook.org/#,http://localhost:7001/result?query=what do pigs eat&page=1,,,,,
cursorLeftSnippet,2026-03-11 16:06:55.222000+00:00,24cce0de-96b4-41eb-bd43-110c3e25313a,Participant10,what do pigs eat,3300,1,1,https://www.africanstorybook.org/#,http://localhost:7001/result?query=what do pigs eat&page=1,,,,,
cursorEnteredSnippet,2026-03-11 16:06:55.889000+00:00,24cce0de-96b4-41eb-bd43-110c3e25313a,Participant10,what do pigs eat,7016,2,1,http://www.gutenberg.org/files/25359/25359-h/25359-h.htm#Page_185,http://localhost:7001/result?query=what do pigs eat&page=1,,,,,
cursorLeftSnippet,2026-03-11 16:06:56.205000+00:00,24cce0de-96b4-41eb-bd43-110c3e25313a,Participant10,what do pigs eat,7016,2,1,http://www.gutenberg.org/files/25359/25359-h/25359-h.htm#Page_185,http://localhost:7001/result?query=what do pigs eat&page=1,,,,,
cursorEnteredSnippet,2026-03-11 16:06:56.239000+00:00,24cce0de-96b4-41eb-bd43-110c3e25313a,Participant10,what do pigs eat,5536,3,1,http://www.gutenberg.org/files/28130/28130-h/28130-h.htm#Page_61,http://localhost:7001/result?query=what do pigs eat&page=1,,,,,
clickedResult,2026-03-11 16:06:56.563000+00:00,24cce0de-96b4-41eb-bd43-110c3e25313a,Participant10,what do pigs eat,5536,3,1,http://www.gutenberg.org/files/28130/28130-h/28130-h.htm#Page_61,http://www.gutenberg.org/files/28130/28130-h/28130-h.htm#Page_61,,,,,
cursorLeftSnippet,2026-03-11 16:06:57.047000+00:00,24cce0de-96b4-41eb-bd43-110c3e25313a,Participant10,what do pigs eat,5536,3,1,http://www.gutenberg.org/files/28130/28130-h/28130-h.htm#Page_61,http://localhost:7001/result?query=what do pigs eat&page=1,,,,,
wentBack,2026-03-11 16:07:01.561000+00:00,24cce0de-96b4-41eb-bd43-110c3e25313a,Participant10,what do pigs eat,,,,,,http://www.gutenberg.org/files/28130/28130-h/28130-h.htm#Page_61,http://localhost:7001/result?query=what do pigs eat&page=1,,,
cursorEnteredSnippet,2026-03-11 16:07:04.438000+00:00,24cce0de-96b4-41eb-bd43-110c3e25313a,Participant10,what do pigs eat,2513,10,1,https://www.africanstorybook.org/,http://localhost:7001/result?query=what do pigs eat&page=1,,,,,
cursorLeftSnippet,2026-03-11 16:07:04.488000+00:00,24cce0de-96b4-41eb-bd43-110c3e25313a,Participant10,what do pigs eat,2513,10,1,https://www.africanstorybook.org/,http://localhost:7001/result?query=what do pigs eat&page=1,,,,,
cursorEnteredSnippet,2026-03-11 16:07:05.122000+00:00,24cce0de-96b4-41eb-bd43-110c3e25313a,Participant10,what do pigs eat,2513,10,1,https://www.africanstorybook.org/,http://localhost:7001/result?query=what do pigs eat&page=1,,,,,
clickedResult,2026-03-11 16:07:05.790000+00:00,24cce0de-96b4-41eb-bd43-110c3e25313a,Participant10,what do pigs eat,2513,10,1,https://www.africanstorybook.org/,https://www.africanstorybook.org/,,,,,
cursorLeftSnippet,2026-03-11 16:07:07.110000+00:00,24cce0de-96b4-41eb-bd43-110c3e25313a,Participant10,what do pigs eat,2513,10,1,https://www.africanstorybook.org/,http://localhost:7001/result?query=what do pigs eat&page=1,,,,,
wentBack,2026-03-11 16:07:10.446000+00:00,24cce0de-96b4-41eb-bd43-110c3e25313a,Participant10,what do pigs eat,,,,,,https://www.africanstorybook.org/,http://localhost:7001/result?query=what do pigs eat&page=1,,,
cursorEnteredSnippet,2026-03-11 16:07:11.388000+00:00,24cce0de-96b4-41eb-bd43-110c3e25313a,Participant10,what do pigs eat,4790,8,1,https://www.commonlit.org/texts/the-three-little-pigs,http://localhost:7001/result?query=what do pigs eat&page=1,,,,,
cursorLeftSnippet,2026-03-11 16:07:11.838000+00:00,24cce0de-96b4-41eb-bd43-110c3e25313a,Participant10,what do pigs eat,4790,8,1,https://www.commonlit.org/texts/the-three-little-pigs,http://localhost:7001/result?query=what do pigs eat&page=1,,,,,
cursorEnteredSnippet,2026-03-11 16:07:11.838000+00:00,24cce0de-96b4-41eb-bd43-110c3e25313a,Participant10,what do pigs eat,4492,9,1,https://www.commonlit.org/texts/the-sheep-and-the-pig,http://localhost:7001/result?query=what do pigs eat&page=1,,,,,
cursorLeftSnippet,2026-03-11 16:07:11.888000+00:00,24cce0de-96b4-41eb-bd43-110c3e25313a,Participant10,what do pigs eat,4492,9,1,https://www.commonlit.org/texts/the-sheep-and-the-pig,http://localhost:7001/result?query=what do pigs eat&page=1,,,,,
cursorEnteredSnippet,2026-03-11 16:07:11.889000+00:00,24cce0de-96b4-41eb-bd43-110c3e25313a,Participant10,what do pigs eat,2513,10,1,https://www.africanstorybook.org/,http://localhost:7001/result?query=what do pigs eat&page=1,,,,,
cursorLeftSnippet,2026-03-11 16:07:11.938000+00:00,24cce0de-96b4-41eb-bd43-110c3e25313a,Participant10,what do pigs eat,2513,10,1,https://www.africanstorybook.org/,http://localhost:7001/result?query=what do pigs eat&page=1,,,,,
pageNavigationClicked,2026-03-11 16:07:14.203000+00:00,24cce0de-96b4-41eb-bd43-110c3e25313a,Participant10,,,,,,,,,6,1.0,6.0
searchResultGenerated,2026-03-11 16:07:14.592000+00:00,24cce0de-96b4-41eb-bd43-110c3e25313a,Participant10,what do pigs eat,2995,1,6,https://freekidsbooks.org/wp-content/uploads/2020/05/FKB-Stories-A-Butterfly-Smile.pdf,http://localhost:7001/result?query=what+do+pigs+eat&page=6,,,,,
searchResultGenerated,2026-03-11 16:07:14.593000+00:00,24cce0de-96b4-41eb-bd43-110c3e25313a,Participant10,what do pigs eat,3233,2,6,https://www.africanstorybook.org/#,http://localhost:7001/result?query=what+do+pigs+eat&page=6,,,,,
searchResultGenerated,2026-03-11 16:07:14.593000+00:00,24cce0de-96b4-41eb-bd43-110c3e25313a,Participant10,what do pigs eat,7034,3,6,http://www.gutenberg.org/files/25359/25359-h/25359-h.htm#Page_294,http://localhost:7001/result?query=what+do+pigs+eat&page=6,,,,,
searchResultGenerated,2026-03-11 16:07:14.594000+00:00,24cce0de-96b4-41eb-bd43-110c3e25313a,Participant10,what do pigs eat,2540,4,6,https://freekidsbooks.org/wp-content/uploads/2019/10/FKB-Chinchilla.pdf,http://localhost:7001/result?query=what+do+pigs+eat&page=6,,,,,
searchResultGenerated,2026-03-11 16:07:14.594000+00:00,24cce0de-96b4-41eb-bd43-110c3e25313a,Participant10,what do pigs eat,6819,5,6,http://www.gutenberg.org/files/17761/17761-h/17761-h.htm,http://localhost:7001/result?query=what+do+pigs+eat&page=6,,,,,
searchResultGenerated,2026-03-11 16:07:14.595000+00:00,24cce0de-96b4-41eb-bd43-110c3e25313a,Participant10,what do pigs eat,2405,6,6,https://en.wikipedia.org/wiki/Steelmaking,http://localhost:7001/result?query=what+do+pigs+eat&page=6,,,,,
searchResultGenerated,2026-03-11 16:07:14.595000+00:00,24cce0de-96b4-41eb-bd43-110c3e25313a,Participant10,what do pigs eat,3109,7,6,https://www.africanstorybook.org/,http://localhost:7001/result?query=what+do+pigs+eat&page=6,,,,,
searchResultGenerated,2026-03-11 16:07:14.596000+00:00,24cce0de-96b4-41eb-bd43-110c3e25313a,Participant10,what do pigs eat,7393,8,6,https://drive.google.com/file/d/0B6pcGxi_-Y9PRzdONUY2a1Y5aTg/view,http://localhost:7001/result?query=what+do+pigs+eat&page=6,,,,,
searchResultGenerated,2026-03-11 16:07:14.596000+00:00,24cce0de-96b4-41eb-bd43-110c3e25313a,Participant10,what do pigs eat,2761,9,6,https://kids.frontiersin.org/article/10.3389/frym.2018.00050,http://localhost:7001/result?query=what+do+pigs+eat&page=6,,,,,
searchResultGenerated,2026-03-11 16:07:14.597000+00:00,24cce0de-96b4-41eb-bd43-110c3e25313a,Participant10,what do pigs eat,2879,10,6,https://www.africanstorybook.org/,http://localhost:7001/result?query=what+do+pigs+eat&page=6,,,,,
cursorEnteredSnippet,2026-03-11 16:07:15.165000+00:00,24cce0de-96b4-41eb-bd43-110c3e25313a,Participant10,what do pigs eat,7034,3,6,http://www.gutenberg.org/files/25359/25359-h/25359-h.htm#Page_294,http://localhost:7001/result?query=what+do+pigs+eat&page=6,,,,,
clickedResult,2026-03-11 16:07:15.988000+00:00,24cce0de-96b4-41eb-bd43-110c3e25313a,Participant10,what do pigs eat,7034,3,6,http://www.gutenberg.org/files/25359/25359-h/25359-h.htm#Page_294,http://www.gutenberg.org/files/25359/25359-h/25359-h.htm#Page_294,,,,,
cursorLeftSnippet,2026-03-11 16:07:16.455000+00:00,24cce0de-96b4-41eb-bd43-110c3e25313a,Participant10,what do pigs eat,7034,3,6,http://www.gutenberg.org/files/25359/25359-h/25359-h.htm#Page_294,http://localhost:7001/result?query=what+do+pigs+eat&page=6,,,,,
wentBack,2026-03-11 16:07:20.783000+00:00,24cce0de-96b4-41eb-bd43-110c3e25313a,Participant10,what do pigs eat,,,,,,http://www.gutenberg.org/files/25359/25359-h/25359-h.htm#Page_294,http://localhost:7001/result?query=what+do+pigs+eat&page=6,,,
wentBack,2026-03-11 16:07:22.271000+00:00,24cce0de-96b4-41eb-bd43-110c3e25313a,Participant10,what do pigs eat,,,,,,http://localhost:7001/result?query=what+do+pigs+eat&page=6,http://localhost:7001/result?query=what do pigs eat&page=1,,,
cursorEnteredSnippet,2026-03-11 16:07:24.704000+00:00,24cce0de-96b4-41eb-bd43-110c3e25313a,Participant10,what do pigs eat,4790,8,1,https://www.commonlit.org/texts/the-three-little-pigs,http://localhost:7001/result?query=what do pigs eat&page=1,,,,,
clickedResult,2026-03-11 16:07:25.539000+00:00,24cce0de-96b4-41eb-bd43-110c3e25313a,Participant10,what do pigs eat,4790,8,1,https://www.commonlit.org/texts/the-three-little-pigs,https://www.commonlit.org/texts/the-three-little-pigs,,,,,
cursorLeftSnippet,2026-03-11 16:07:25.893000+00:00,24cce0de-96b4-41eb-bd43-110c3e25313a,Participant10,what do pigs eat,4790,8,1,https://www.commonlit.org/texts/the-three-little-pigs,http://localhost:7001/result?query=what do pigs eat&page=1,,,,,
wentBack,2026-03-11 16:07:30.520000+00:00,24cce0de-96b4-41eb-bd43-110c3e25313a,Participant10,what do pigs eat,,,,,,https://www.commonlit.org/texts/the-three-little-pigs,http://localhost:7001/result?query=what do pigs eat&page=1,,,
ClickedEndTask,2026-03-11 16:07:32.225000+00:00,24cce0de-96b4-41eb-bd43-110c3e25313a,Participant10,,,,,,,,,,,
TaskEndConfirmed,2026-03-11 16:07:32.987000+00:00,24cce0de-96b4-41eb-bd43-110c3e25313a,Participant10,,,,,,,,,,,
TaskStarted,2026-03-11 15:53:05.096000+00:00,64365d9f-f36b-47f6-a915-397b285677f6,Participant1,,,,,,,,,,,
idSubmitted,2026-03-11 15:53:05.097000+00:00,64365d9f-f36b-47f6-a915-397b285677f6,Participant1,,,,,,,,,,,
queryBoxFocused,2026-03-11 15:53:06.379000+00:00,64365d9f-f36b-47f6-a915-397b285677f6,Participant1,,,,,,,,,,,
querySubmitted,2026-03-11 15:53:13.898000+00:00,64365d9f-f36b-47f6-a915-397b285677f6,Participant1,can monkeys climb trees?,,,,,,,,,,
searchResultGenerated,2026-03-11 15:53:14.538000+00:00,64365d9f-f36b-47f6-a915-397b285677f6,Participant1,can monkeys climb trees,5117,1,1,http://www.gutenberg.org/files/8717/8717-h/8717-h.htm#10,http://localhost:7001/result?query=can monkeys climb trees&page=1,,,,,
searchResultGenerated,2026-03-11 15:53:14.538000+00:00,64365d9f-f36b-47f6-a915-397b285677f6,Participant1,can monkeys climb trees,3417,2,1,https://www.africanstorybook.org/,http://localhost:7001/result?query=can monkeys climb trees&page=1,,,,,
searchResultGenerated,2026-03-11 15:53:14.538000+00:00,64365d9f-f36b-47f6-a915-397b285677f6,Participant1,can monkeys climb trees,2950,3,1,https://www.africanstorybook.org/,http://localhost:7001/result?query=can monkeys climb trees&page=1,,,,,
searchResultGenerated,2026-03-11 15:53:14.538000+00:00,64365d9f-f36b-47f6-a915-397b285677f6,Participant1,can monkeys climb trees,3441,4,1,https://www.africanstorybook.org/#,http://localhost:7001/result?query=can monkeys climb trees&page=1,,,,,
searchResultGenerated,2026-03-11 15:53:14.538000+00:00,64365d9f-f36b-47f6-a915-397b285677f6,Participant1,can monkeys climb trees,2659,5,1,https://www.africanstorybook.org/,http://localhost:7001/result?query=can monkeys climb trees&page=1,,,,,
searchResultGenerated,2026-03-11 15:53:14.539000+00:00,64365d9f-f36b-47f6-a915-397b285677f6,Participant1,can monkeys climb trees,2342,6,1,https://simple.wikipedia.org/wiki/Rainforest,http://localhost:7001/result?query=can monkeys climb trees&page=1,,,,,
searchResultGenerated,2026-03-11 15:53:14.539000+00:00,64365d9f-f36b-47f6-a915-397b285677f6,Participant1,can monkeys climb trees,2988,7,1,https://www.africanstorybook.org/,http://localhost:7001/result?query=can monkeys climb trees&page=1,,,,,
searchResultGenerated,2026-03-11 15:53:14.539000+00:00,64365d9f-f36b-47f6-a915-397b285677f6,Participant1,can monkeys climb trees,2834,8,1,https://www.africanstorybook.org/,http://localhost:7001/result?query=can monkeys climb trees&page=1,,,,,
searchResultGenerated,2026-03-11 15:53:14.539000+00:00,64365d9f-f36b-47f6-a915-397b285677f6,Participant1,can monkeys climb trees,4707,9,1,http://www.gutenberg.org/files/7425/7425-h/7425-h.htm#iii,http://localhost:7001/result?query=can monkeys climb trees&page=1,,,,,
searchResultGenerated,2026-03-11 15:53:14.539000+00:00,64365d9f-f36b-47f6-a915-397b285677f6,Participant1,can monkeys climb trees,3379,10,1,https://www.africanstorybook.org/,http://localhost:7001/result?query=can monkeys climb trees&page=1,,,,,
cursorEnteredSnippet,2026-03-11 15:53:14.998000+00:00,64365d9f-f36b-47f6-a915-397b285677f6,Participant1,can monkeys climb trees,5117,1,1,http://www.gutenberg.org/files/8717/8717-h/8717-h.htm#10,http://localhost:7001/result?query=can monkeys climb trees&page=1,,,,,
cursorLeftSnippet,2026-03-11 15:53:15.065000+00:00,64365d9f-f36b-47f6-a915-397b285677f6,Participant1,can monkeys climb trees,5117,1,1,http://www.gutenberg.org/files/8717/8717-h/8717-h.htm#10,http://localhost:7001/result?query=can monkeys climb trees&page=1,,,,,
cursorEnteredSnippet,2026-03-11 15:53:16.881000+00:00,64365d9f-f36b-47f6-a915-397b285677f6,Participant1,can monkeys climb trees,3417,2,1,https://www.africanstorybook.org/,http://localhost:7001/result?query=can monkeys climb trees&page=1,,,,,
clickedResult,2026-03-11 15:53:17.548000+00:00,64365d9f-f36b-47f6-a915-397b285677f6,Participant1,can monkeys climb trees,3417,2,1,https://www.africanstorybook.org/,https://www.africanstorybook.org/,,,,,
cursorLeftSnippet,2026-03-11 15:53:18.823000+00:00,64365d9f-f36b-47f6-a915-397b285677f6,Participant1,can monkeys climb trees,3417,2,1,https://www.africanstorybook.org/,http://localhost:7001/result?query=can monkeys climb trees&page=1,,,,,
wentBack,2026-03-11 15:53:26.611000+00:00,64365d9f-f36b-47f6-a915-397b285677f6,Participant1,can monkeys climb trees,,,,,,https://www.africanstorybook.org/,http://localhost:7001/result?query=can monkeys climb trees&page=1,,,
cursorEnteredSnippet,2026-03-11 15:53:27.063000+00:00,64365d9f-f36b-47f6-a915-397b285677f6,Participant1,can monkeys climb trees,3417,2,1,https://www.africanstorybook.org/,http://localhost:7001/result?query=can monkeys climb trees&page=1,,,,,
cursorLeftSnippet,2026-03-11 15:53:27.197000+00:00,64365d9f-f36b-47f6-a915-397b285677f6,Participant1,can monkeys climb trees,3417,2,1,https://www.africanstorybook.org/,http://localhost:7001/result?query=can monkeys climb trees&page=1,,,,,
cursorEnteredSnippet,2026-03-11 15:53:29.399000+00:00,64365d9f-f36b-47f6-a915-397b285677f6,Participant1,can monkeys climb trees,3379,10,1,https://www.africanstorybook.org/,http://localhost:7001/result?query=can monkeys climb trees&page=1,,,,,
clickedResult,2026-03-11 15:53:30.268000+00:00,64365d9f-f36b-47f6-a915-397b285677f6,Participant1,can monkeys climb trees,3379,10,1,https://www.africanstorybook.org/,https://www.africanstorybook.org/,,,,,
cursorLeftSnippet,2026-03-11 15:53:31.350000+00:00,64365d9f-f36b-47f6-a915-397b285677f6,Participant1,can monkeys climb trees,3379,10,1,https://www.africanstorybook.org/,http://localhost:7001/result?query=can monkeys climb trees&page=1,,,,,
wentBack,2026-03-11 15:53:35.751000+00:00,64365d9f-f36b-47f6-a915-397b285677f6,Participant1,can monkeys climb trees,,,,,,https://www.africanstorybook.org/,http://localhost:7001/result?query=can monkeys climb trees&page=1,,,
cursorEnteredSnippet,2026-03-11 15:53:36.213000+00:00,64365d9f-f36b-47f6-a915-397b285677f6,Participant1,can monkeys climb trees,2834,8,1,https://www.africanstorybook.org/,http://localhost:7001/result?query=can monkeys climb trees&page=1,,,,,
cursorLeftSnippet,2026-03-11 15:53:36.580000+00:00,64365d9f-f36b-47f6-a915-397b285677f6,Participant1,can monkeys climb trees,2834,8,1,https://www.africanstorybook.org/,http://localhost:7001/result?query=can monkeys climb trees&page=1,,,,,
cursorEnteredSnippet,2026-03-11 15:53:38.413000+00:00,64365d9f-f36b-47f6-a915-397b285677f6,Participant1,can monkeys climb trees,2342,6,1,https://simple.wikipedia.org/wiki/Rainforest,http://localhost:7001/result?query=can monkeys climb trees&page=1,,,,,
clickedResult,2026-03-11 15:53:38.913000+00:00,64365d9f-f36b-47f6-a915-397b285677f6,Participant1,can monkeys climb trees,2342,6,1,https://simple.wikipedia.org/wiki/Rainforest,https://simple.wikipedia.org/wiki/Rainforest,,,,,
cursorLeftSnippet,2026-03-11 15:53:39.119000+00:00,64365d9f-f36b-47f6-a915-397b285677f6,Participant1,can monkeys climb trees,2342,6,1,https://simple.wikipedia.org/wiki/Rainforest,http://localhost:7001/result?query=can monkeys climb trees&page=1,,,,,
wentBack,2026-03-11 15:53:45.507000+00:00,64365d9f-f36b-47f6-a915-397b285677f6,Participant1,can monkeys climb trees,,,,,,https://simple.wikipedia.org/wiki/Rainforest,http://localhost:7001/result?query=can monkeys climb trees&page=1,,,
cursorEnteredSnippet,2026-03-11 15:53:45.997000+00:00,64365d9f-f36b-47f6-a915-397b285677f6,Participant1,can monkeys climb trees,2659,5,1,https://www.africanstorybook.org/,http://localhost:7001/result?query=can monkeys climb trees&page=1,,,,,
cursorLeftSnippet,2026-03-11 15:53:46.046000+00:00,64365d9f-f36b-47f6-a915-397b285677f6,Participant1,can monkeys climb trees,2659,5,1,https://www.africanstorybook.org/,http://localhost:7001/result?query=can monkeys climb trees&page=1,,,,,
cursorEnteredSnippet,2026-03-11 15:53:46.063000+00:00,64365d9f-f36b-47f6-a915-397b285677f6,Participant1,can monkeys climb trees,2342,6,1,https://simple.wikipedia.org/wiki/Rainforest,http://localhost:7001/result?query=can monkeys climb trees&page=1,,,,,
cursorLeftSnippet,2026-03-11 15:53:46.129000+00:00,64365d9f-f36b-47f6-a915-397b285677f6,Participant1,can monkeys climb trees,2342,6,1,https://simple.wikipedia.org/wiki/Rainforest,http://localhost:7001/result?query=can monkeys climb trees&page=1,,,,,
pageNavigationClicked,2026-03-11 15:53:49.739000+00:00,64365d9f-f36b-47f6-a915-397b285677f6,Participant1,,,,,,,,,7,1.0,7.0
searchResultGenerated,2026-03-11 15:53:50.165000+00:00,64365d9f-f36b-47f6-a915-397b285677f6,Participant1,can monkeys climb trees,5431,1,7,http://www.gutenberg.org/files/15374/15374-h/15374-h.htm,http://localhost:7001/result?query=can+monkeys+climb+trees&page=7,,,,,
searchResultGenerated,2026-03-11 15:53:50.165000+00:00,64365d9f-f36b-47f6-a915-397b285677f6,Participant1,can monkeys climb trees,1579,2,7,http://www.gutenberg.org/files/16173/16173-h/16173-h.htm#mayday,http://localhost:7001/result?query=can+monkeys+climb+trees&page=7,,,,,
searchResultGenerated,2026-03-11 15:53:50.165000+00:00,64365d9f-f36b-47f6-a915-397b285677f6,Participant1,can monkeys climb trees,7149,3,7,http://www.gutenberg.org/cache/epub/3152/pg3152.html,http://localhost:7001/result?query=can+monkeys+climb+trees&page=7,,,,,
searchResultGenerated,2026-03-11 15:53:50.165000+00:00,64365d9f-f36b-47f6-a915-397b285677f6,Participant1,can monkeys climb trees,3352,4,7,https://www.africanstorybook.org/,http://localhost:7001/result?query=can+monkeys+climb+trees&page=7,,,,,
searchResultGenerated,2026-03-11 15:53:50.166000+00:00,64365d9f-f36b-47f6-a915-397b285677f6,Participant1,can monkeys climb trees,1229,5,7,http://www.gutenberg.org/files/19909/19909-h/19909-h.htm#THE_VISIT,http://localhost:7001/result?query=can+monkeys+climb+trees&page=7,,,,,
searchResultGenerated,2026-03-11 15:53:50.166000+00:00,64365d9f-f36b-47f6-a915-397b285677f6,Participant1,can monkeys climb trees,3477,6,7,https://www.digitallibrary.io/en/books/read/3698/90190,http://localhost:7001/result?query=can+monkeys+climb+trees&page=7,,,,,
searchResultGenerated,2026-03-11 15:53:50.166000+00:00,64365d9f-f36b-47f6-a915-397b285677f6,Participant1,can monkeys climb trees,2907,7,7,https://www.commonlit.org/texts/amelia-earhart,http://localhost:7001/result?query=can+monkeys+climb+trees&page=7,,,,,
searchResultGenerated,2026-03-11 15:53:50.166000+00:00,64365d9f-f36b-47f6-a915-397b285677f6,Participant1,can monkeys climb trees,7003,8,7,http://www.gutenberg.org/files/25359/25359-h/25359-h.htm#GOSLEEP,http://localhost:7001/result?query=can+monkeys+climb+trees&page=7,,,,,
searchResultGenerated,2026-03-11 15:53:50.166000+00:00,64365d9f-f36b-47f6-a915-397b285677f6,Participant1,can monkeys climb trees,2795,9,7,https://kids.frontiersin.org/article/10.3389/frym.2018.00033,http://localhost:7001/result?query=can+monkeys+climb+trees&page=7,,,,,
searchResultGenerated,2026-03-11 15:53:50.167000+00:00,64365d9f-f36b-47f6-a915-397b285677f6,Participant1,can monkeys climb trees,5532,10,7,http://www.gutenberg.org/files/28136/28136-h/28136-h.htm#Page_45,http://localhost:7001/result?query=can+monkeys+climb+trees&page=7,,,,,
cursorEnteredSnippet,2026-03-11 15:53:50.515000+00:00,64365d9f-f36b-47f6-a915-397b285677f6,Participant1,can monkeys climb trees,7149,3,7,http://www.gutenberg.org/cache/epub/3152/pg3152.html,http://localhost:7001/result?query=can+monkeys+climb+trees&page=7,,,,,
cursorLeftSnippet,2026-03-11 15:53:50.696000+00:00,64365d9f-f36b-47f6-a915-397b285677f6,Participant1,can monkeys climb trees,7149,3,7,http://www.gutenberg.org/cache/epub/3152/pg3152.html,http://localhost:7001/result?query=can+monkeys+climb+trees&page=7,,,,,
cursorEnteredSnippet,2026-03-11 15:53:50.696000+00:00,64365d9f-f36b-47f6-a915-397b285677f6,Participant1,can monkeys climb trees,1579,2,7,http://www.gutenberg.org/files/16173/16173-h/16173-h.htm#mayday,http://localhost:7001/result?query=can+monkeys+climb+trees&page=7,,,,,
cursorLeftSnippet,2026-03-11 15:53:50.779000+00:00,64365d9f-f36b-47f6-a915-397b285677f6,Participant1,can monkeys climb trees,1579,2,7,http://www.gutenberg.org/files/16173/16173-h/16173-h.htm#mayday,http://localhost:7001/result?query=can+monkeys+climb+trees&page=7,,,,,
cursorEnteredSnippet,2026-03-11 15:53:50.796000+00:00,64365d9f-f36b-47f6-a915-397b285677f6,Participant1,can monkeys climb trees,5431,1,7,http://www.gutenberg.org/files/15374/15374-h/15374-h.htm,http://localhost:7001/result?query=can+monkeys+climb+trees&page=7,,,,,
cursorLeftSnippet,2026-03-11 15:53:50.996000+00:00,64365d9f-f36b-47f6-a915-397b285677f6,Participant1,can monkeys climb trees,5431,1,7,http://www.gutenberg.org/files/15374/15374-h/15374-h.htm,http://localhost:7001/result?query=can+monkeys+climb+trees&page=7,,,,,
cursorEnteredSnippet,2026-03-11 15:53:51.029000+00:00,64365d9f-f36b-47f6-a915-397b285677f6,Participant1,can monkeys climb trees,1579,2,7,http://www.gutenberg.org/files/16173/16173-h/16173-h.htm#mayday,http://localhost:7001/result?query=can+monkeys+climb+trees&page=7,,,,,
clickedResult,2026-03-11 15:53:52.317000+00:00,64365d9f-f36b-47f6-a915-397b285677f6,Participant1,can monkeys climb trees,1579,2,7,http://www.gutenberg.org/files/16173/16173-h/16173-h.htm#mayday,http://www.gutenberg.org/files/16173/16173-h/16173-h.htm#mayday,,,,,
cursorLeftSnippet,2026-03-11 15:53:52.798000+00:00,64365d9f-f36b-47f6-a915-397b285677f6,Participant1,can monkeys climb trees,1579,2,7,http://www.gutenberg.org/files/16173/16173-h/16173-h.htm#mayday,http://localhost:7001/result?query=can+monkeys+climb+trees&page=7,,,,,
ClickedEndTask,2026-03-11 15:54:32.884000+00:00,64365d9f-f36b-47f6-a915-397b285677f6,Participant1,,,,,,,,,,,
TaskEndConfirmed,2026-03-11 15:54:33.592000+00:00,64365d9f-f36b-47f6-a915-397b285677f6,Participant1,,,,,,,,,,,
TaskStarted,2026-03-11 16:07:40.458000+00:00,07403d1c-12db-450a-8e4f-c81f7d760330,Participant20,,,,,,,,,,,
idSubmitted,2026-03-11 16:07:40.461000+00:00,07403d1c-12db-450a-8e4f-c81f7d760330,Participant20,,,,,,,,,,,
queryBoxFocused,2026-03-11 16:07:42+00:00,07403d1c-12db-450a-8e4f-c81f7d760330,Participant20,,,,,,,,,,,
querySubmitted,2026-03-11 16:07:50.014000+00:00,07403d1c-12db-450a-8e4f-c81f7d760330,Participant20,causes of global warming,,,,,,,,,,
searchResultGenerated,2026-03-11 16:07:50.584000+00:00,07403d1c-12db-450a-8e4f-c81f7d760330,Participant20,causes of global warming,2083,1,1,https://simple.wikipedia.org/wiki/Global_warming,http://localhost:7001/result?query=causes of global warming&page=1,,,,,
searchResultGenerated,2026-03-11 16:07:50.584000+00:00,07403d1c-12db-450a-8e4f-c81f7d760330,Participant20,causes of global warming,2162,2,1,https://kids.frontiersin.org/article/10.3389/frym.2019.00161,http://localhost:7001/result?query=causes of global warming&page=1,,,,,
searchResultGenerated,2026-03-11 16:07:50.584000+00:00,07403d1c-12db-450a-8e4f-c81f7d760330,Participant20,causes of global warming,2655,3,1,https://kids.frontiersin.org/article/10.3389/frym.2019.00085,http://localhost:7001/result?query=causes of global warming&page=1,,,,,
searchResultGenerated,2026-03-11 16:07:50.584000+00:00,07403d1c-12db-450a-8e4f-c81f7d760330,Participant20,causes of global warming,1988,4,1,https://kids.frontiersin.org/article/10.3389/frym.2019.00154,http://localhost:7001/result?query=causes of global warming&page=1,,,,,
searchResultGenerated,2026-03-11 16:07:50.584000+00:00,07403d1c-12db-450a-8e4f-c81f7d760330,Participant20,causes of global warming,2091,5,1,https://simple.wikipedia.org/wiki/Greenhouse_effect,http://localhost:7001/result?query=causes of global warming&page=1,,,,,
searchResultGenerated,2026-03-11 16:07:50.584000+00:00,07403d1c-12db-450a-8e4f-c81f7d760330,Participant20,causes of global warming,2084,6,1,https://simple.wikipedia.org/wiki/Globalization,http://localhost:7001/result?query=causes of global warming&page=1,,,,,
searchResultGenerated,2026-03-11 16:07:50.585000+00:00,07403d1c-12db-450a-8e4f-c81f7d760330,Participant20,causes of global warming,2491,7,1,https://kids.frontiersin.org/article/10.3389/frym.2019.00069,http://localhost:7001/result?query=causes of global warming&page=1,,,,,
searchResultGenerated,2026-03-11 16:07:50.585000+00:00,07403d1c-12db-450a-8e4f-c81f7d760330,Participant20,causes of global warming,2371,8,1,https://en.wikipedia.org/wiki/Sea_level,http://localhost:7001/result?query=causes of global warming&page=1,,,,,
searchResultGenerated,2026-03-11 16:07:50.585000+00:00,07403d1c-12db-450a-8e4f-c81f7d760330,Participant20,causes of global warming,2416,9,1,https://en.wikipedia.org/wiki/Technology_assessment,http://localhost:7001/result?query=causes of global warming&page=1,,,,,
searchResultGenerated,2026-03-11 16:07:50.585000+00:00,07403d1c-12db-450a-8e4f-c81f7d760330,Participant20,causes of global warming,2322,10,1,https://en.wikipedia.org/wiki/Precipitation,http://localhost:7001/result?query=causes of global warming&page=1,,,,,
cursorEnteredSnippet,2026-03-11 16:07:53.436000+00:00,07403d1c-12db-450a-8e4f-c81f7d760330,Participant20,causes of global warming,1988,4,1,https://kids.frontiersin.org/article/10.3389/frym.2019.00154,http://localhost:7001/result?query=causes of global warming&page=1,,,,,
cursorLeftSnippet,2026-03-11 16:07:53.519000+00:00,07403d1c-12db-450a-8e4f-c81f7d760330,Participant20,causes of global warming,1988,4,1,https://kids.frontiersin.org/article/10.3389/frym.2019.00154,http://localhost:7001/result?query=causes of global warming&page=1,,,,,
cursorEnteredSnippet,2026-03-11 16:07:53.536000+00:00,07403d1c-12db-450a-8e4f-c81f7d760330,Participant20,causes of global warming,2091,5,1,https://simple.wikipedia.org/wiki/Greenhouse_effect,http://localhost:7001/result?query=causes of global warming&page=1,,,,,
clickedResult,2026-03-11 16:07:53.983000+00:00,07403d1c-12db-450a-8e4f-c81f7d760330,Participant20,causes of global warming,2091,5,1,https://simple.wikipedia.org/wiki/Greenhouse_effect,https://simple.wikipedia.org/wiki/Greenhouse_effect,,,,,
cursorLeftSnippet,2026-03-11 16:07:54.043000+00:00,07403d1c-12db-450a-8e4f-c81f7d760330,Participant20,causes of global warming,2091,5,1,https://simple.wikipedia.org/wiki/Greenhouse_effect,http://localhost:7001/result?query=causes of global warming&page=1,,,,,
wentBack,2026-03-11 16:08:05.999000+00:00,07403d1c-12db-450a-8e4f-c81f7d760330,Participant20,causes of global warming,,,,,,https://simple.wikipedia.org/wiki/Greenhouse_effect,http://localhost:7001/result?query=causes of global warming&page=1,,,
cursorEnteredSnippet,2026-03-11 16:08:09.802000+00:00,07403d1c-12db-450a-8e4f-c81f7d760330,Participant20,causes of global warming,2322,10,1,https://en.wikipedia.org/wiki/Precipitation,http://localhost:7001/result?query=causes of global warming&page=1,,,,,
cursorLeftSnippet,2026-03-11 16:08:09.868000+00:00,07403d1c-12db-450a-8e4f-c81f7d760330,Participant20,causes of global warming,2322,10,1,https://en.wikipedia.org/wiki/Precipitation,http://localhost:7001/result?query=causes of global warming&page=1,,,,,
pageNavigationClicked,2026-03-11 16:08:11.673000+00:00,07403d1c-12db-450a-8e4f-c81f7d760330,Participant20,,,,,,,,,3,1.0,3.0
searchResultGenerated,2026-03-11 16:08:12.092000+00:00,07403d1c-12db-450a-8e4f-c81f7d760330,Participant20,causes of global warming,7459,1,3,https://en.wikipedia.org/wiki/Age_of_Discovery,http://localhost:7001/result?query=causes+of+global+warming&page=3,,,,,
searchResultGenerated,2026-03-11 16:08:12.092000+00:00,07403d1c-12db-450a-8e4f-c81f7d760330,Participant20,causes of global warming,1936,2,3,https://en.wikipedia.org/wiki/Cash_crop,http://localhost:7001/result?query=causes+of+global+warming&page=3,,,,,
searchResultGenerated,2026-03-11 16:08:12.092000+00:00,07403d1c-12db-450a-8e4f-c81f7d760330,Participant20,causes of global warming,5000,3,3,http://www.gutenberg.org/files/8504/8504-h/8504-h.htm#7,http://localhost:7001/result?query=causes+of+global+warming&page=3,,,,,
searchResultGenerated,2026-03-11 16:08:12.093000+00:00,07403d1c-12db-450a-8e4f-c81f7d760330,Participant20,causes of global warming,4902,4,3,http://www.gutenberg.org/files/9076/9076-h/9076-h.htm#21,http://localhost:7001/result?query=causes+of+global+warming&page=3,,,,,
searchResultGenerated,2026-03-11 16:08:12.093000+00:00,07403d1c-12db-450a-8e4f-c81f7d760330,Participant20,causes of global warming,6595,5,3,http://www.gutenberg.org/files/9901/9901-h/9901-h.htm,http://localhost:7001/result?query=causes+of+global+warming&page=3,,,,,
searchResultGenerated,2026-03-11 16:08:12.093000+00:00,07403d1c-12db-450a-8e4f-c81f7d760330,Participant20,causes of global warming,5948,6,3,http://www.gutenberg.org/files/1597/1597-h/1597-h.htm,http://localhost:7001/result?query=causes+of+global+warming&page=3,,,,,
searchResultGenerated,2026-03-11 16:08:12.093000+00:00,07403d1c-12db-450a-8e4f-c81f7d760330,Participant20,causes of global warming,8020,7,3,http://static.ehe.osu.edu/sites/beyond/penguins/downloads/feature-stories/at-home-23-text.pdf,http://localhost:7001/result?query=causes+of+global+warming&page=3,,,,,
searchResultGenerated,2026-03-11 16:08:12.093000+00:00,07403d1c-12db-450a-8e4f-c81f7d760330,Participant20,causes of global warming,8008,8,3,http://static.ehe.osu.edu/sites/beyond/penguins/downloads/feature-stories/king-of-cold-23-text.pdf,http://localhost:7001/result?query=causes+of+global+warming&page=3,,,,,
searchResultGenerated,2026-03-11 16:08:12.093000+00:00,07403d1c-12db-450a-8e4f-c81f7d760330,Participant20,causes of global warming,2250,9,3,https://en.wikipedia.org/wiki/Napoleon,http://localhost:7001/result?query=causes+of+global+warming&page=3,,,,,
searchResultGenerated,2026-03-11 16:08:12.093000+00:00,07403d1c-12db-450a-8e4f-c81f7d760330,Participant20,causes of global warming,4904,10,3,http://www.gutenberg.org/files/9076/9076-h/9076-h.htm#22,http://localhost:7001/result?query=causes+of+global+warming&page=3,,,,,
cursorEnteredSnippet,2026-03-11 16:08:12.597000+00:00,07403d1c-12db-450a-8e4f-c81f7d760330,Participant20,causes of global warming,5000,3,3,http://www.gutenberg.org/files/8504/8504-h/8504-h.htm#7,http://localhost:7001/result?query=causes+of+global+warming&page=3,,,,,
cursorLeftSnippet,2026-03-11 16:08:13.505000+00:00,07403d1c-12db-450a-8e4f-c81f7d760330,Participant20,causes of global warming,5000,3,3,http://www.gutenberg.org/files/8504/8504-h/8504-h.htm#7,http://localhost:7001/result?query=causes+of+global+warming&page=3,,,,,
cursorEnteredSnippet,2026-03-11 16:08:15.342000+00:00,07403d1c-12db-450a-8e4f-c81f7d760330,Participant20,causes of global warming,5948,6,3,http://www.gutenberg.org/files/1597/1597-h/1597-h.htm,http://localhost:7001/result?query=causes+of+global+warming&page=3,,,,,
cursorLeftSnippet,2026-03-11 16:08:15.418000+00:00,07403d1c-12db-450a-8e4f-c81f7d760330,Participant20,causes of global warming,5948,6,3,http://www.gutenberg.org/files/1597/1597-h/1597-h.htm,http://localhost:7001/result?query=causes+of+global+warming&page=3,,,,,
cursorEnteredSnippet,2026-03-11 16:08:15.452000+00:00,07403d1c-12db-450a-8e4f-c81f7d760330,Participant20,causes of global warming,6595,5,3,http://www.gutenberg.org/files/9901/9901-h/9901-h.htm,http://localhost:7001/result?query=causes+of+global+warming&page=3,,,,,
cursorLeftSnippet,2026-03-11 16:08:16.118000+00:00,07403d1c-12db-450a-8e4f-c81f7d760330,Participant20,causes of global warming,6595,5,3,http://www.gutenberg.org/files/9901/9901-h/9901-h.htm,http://localhost:7001/result?query=causes+of+global+warming&page=3,,,,,
cursorEnteredSnippet,2026-03-11 16:08:16.118000+00:00,07403d1c-12db-450a-8e4f-c81f7d760330,Participant20,causes of global warming,5948,6,3,http://www.gutenberg.org/files/1597/1597-h/1597-h.htm,http://localhost:7001/result?query=causes+of+global+warming&page=3,,,,,
clickedResult,2026-03-11 16:08:16.817000+00:00,07403d1c-12db-450a-8e4f-c81f7d760330,Participant20,causes of global warming,5948,6,3,http://www.gutenberg.org/files/1597/1597-h/1597-h.htm,http://www.gutenberg.org/files/1597/1597-h/1597-h.htm,,,,,
cursorLeftSnippet,2026-03-11 16:08:19.592000+00:00,07403d1c-12db-450a-8e4f-c81f7d760330,Participant20,causes of global warming,5948,6,3,http://www.gutenberg.org/files/1597/1597-h/1597-h.htm,http://localhost:7001/result?query=causes+of+global+warming&page=3,,,,,
wentBack,2026-03-11 16:08:27.257000+00:00,07403d1c-12db-450a-8e4f-c81f7d760330,Participant20,causes of global warming,,,,,,http://www.gutenberg.org/files/1597/1597-h/1597-h.htm,http://localhost:7001/result?query=causes+of+global+warming&page=3,,,
cursorEnteredSnippet,2026-03-11 16:08:30.167000+00:00,07403d1c-12db-450a-8e4f-c81f7d760330,Participant20,causes of global warming,8008,8,3,http://static.ehe.osu.edu/sites/beyond/penguins/downloads/feature-stories/king-of-cold-23-text.pdf,http://localhost:7001/result?query=causes+of+global+warming&page=3,,,,,
clickedResult,2026-03-11 16:08:30.810000+00:00,07403d1c-12db-450a-8e4f-c81f7d760330,Participant20,causes of global warming,8008,8,3,http://static.ehe.osu.edu/sites/beyond/penguins/downloads/feature-stories/king-of-cold-23-text.pdf,http://static.ehe.osu.edu/sites/beyond/penguins/downloads/feature-stories/king-of-cold-23-text.pdf,,,,,
cursorLeftSnippet,2026-03-11 16:08:31.219000+00:00,07403d1c-12db-450a-8e4f-c81f7d760330,Participant20,causes of global warming,8008,8,3,http://static.ehe.osu.edu/sites/beyond/penguins/downloads/feature-stories/king-of-cold-23-text.pdf,http://localhost:7001/result?query=causes+of+global+warming&page=3,,,,,
wentBack,2026-03-11 16:08:34.179000+00:00,07403d1c-12db-450a-8e4f-c81f7d760330,Participant20,causes of global warming,,,,,,http://static.ehe.osu.edu/sites/beyond/penguins/downloads/feature-stories/king-of-cold-23-text.pdf,http://localhost:7001/result?query=causes+of+global+warming&page=3,,,
wentBack,2026-03-11 16:08:38.153000+00:00,07403d1c-12db-450a-8e4f-c81f7d760330,Participant20,causes of global warming,,,,,,http://localhost:7001/result?query=causes+of+global+warming&page=3,http://localhost:7001/result?query=causes of global warming&page=1,,,
cursorEnteredSnippet,2026-03-11 16:08:40.200000+00:00,07403d1c-12db-450a-8e4f-c81f7d760330,Participant20,causes of global warming,2416,9,1,https://en.wikipedia.org/wiki/Technology_assessment,http://localhost:7001/result?query=causes of global warming&page=1,,,,,
cursorLeftSnippet,2026-03-11 16:08:40.983000+00:00,07403d1c-12db-450a-8e4f-c81f7d760330,Participant20,causes of global warming,2416,9,1,https://en.wikipedia.org/wiki/Technology_assessment,http://localhost:7001/result?query=causes of global warming&page=1,,,,,
cursorEnteredSnippet,2026-03-11 16:08:40.984000+00:00,07403d1c-12db-450a-8e4f-c81f7d760330,Participant20,causes of global warming,2491,7,1,https://kids.frontiersin.org/article/10.3389/frym.2019.00069,http://localhost:7001/result?query=causes of global warming&page=1,,,,,
cursorLeftSnippet,2026-03-11 16:08:41.016000+00:00,07403d1c-12db-450a-8e4f-c81f7d760330,Participant20,causes of global warming,2491,7,1,https://kids.frontiersin.org/article/10.3389/frym.2019.00069,http://localhost:7001/result?query=causes of global warming&page=1,,,,,
cursorEnteredSnippet,2026-03-11 16:08:41.033000+00:00,07403d1c-12db-450a-8e4f-c81f7d760330,Participant20,causes of global warming,2371,8,1,https://en.wikipedia.org/wiki/Sea_level,http://localhost:7001/result?query=causes of global warming&page=1,,,,,
cursorLeftSnippet,2026-03-11 16:08:41.084000+00:00,07403d1c-12db-450a-8e4f-c81f7d760330,Participant20,causes of global warming,2371,8,1,https://en.wikipedia.org/wiki/Sea_level,http://localhost:7001/result?query=causes of global warming&page=1,,,,,
cursorEnteredSnippet,2026-03-11 16:08:41.085000+00:00,07403d1c-12db-450a-8e4f-c81f7d760330,Participant20,causes of global warming,2416,9,1,https://en.wikipedia.org/wiki/Technology_assessment,http://localhost:7001/result?query=causes of global warming&page=1,,,,,
clickedResult,2026-03-11 16:08:41.724000+00:00,07403d1c-12db-450a-8e4f-c81f7d760330,Participant20,causes of global warming,2416,9,1,https://en.wikipedia.org/wiki/Technology_assessment,https://en.wikipedia.org/wiki/Technology_assessment,,,,,
cursorLeftSnippet,2026-03-11 16:08:41.901000+00:00,07403d1c-12db-450a-8e4f-c81f7d760330,Participant20,causes of global warming,2416,9,1,https://en.wikipedia.org/wiki/Technology_assessment,http://localhost:7001/result?query=causes of global warming&page=1,,,,,
wentBack,2026-03-11 16:08:46.784000+00:00,07403d1c-12db-450a-8e4f-c81f7d760330,Participant20,causes of global warming,,,,,,https://en.wikipedia.org/wiki/Technology_assessment,http://localhost:7001/result?query=causes of global warming&page=1,,,
cursorEnteredSnippet,2026-03-11 16:08:49.617000+00:00,07403d1c-12db-450a-8e4f-c81f7d760330,Participant20,causes of global warming,2084,6,1,https://simple.wikipedia.org/wiki/Globalization,http://localhost:7001/result?query=causes of global warming&page=1,,,,,
cursorLeftSnippet,2026-03-11 16:08:49.866000+00:00,07403d1c-12db-450a-8e4f-c81f7d760330,Participant20,causes of global warming,2084,6,1,https://simple.wikipedia.org/wiki/Globalization,http://localhost:7001/result?query=causes of global warming&page=1,,,,,
queryBoxFocused,2026-03-11 16:08:50.098000+00:00,07403d1c-12db-450a-8e4f-c81f7d760330,Participant20,,,,,,,,,,,
querySubmitted,2026-03-11 16:08:55.514000+00:00,07403d1c-12db-450a-8e4f-c81f7d760330,Participant20,climate change effects,,,,,,,,,,
searchResultGenerated,2026-03-11 16:08:55.962000+00:00,07403d1c-12db-450a-8e4f-c81f7d760330,Participant20,climate change effects,2599,1,1,https://kids.frontiersin.org/article/10.3389/frym.2019.00136,http://localhost:7001/result?query=climate change effects&page=1,,,,,
searchResultGenerated,2026-03-11 16:08:55.962000+00:00,07403d1c-12db-450a-8e4f-c81f7d760330,Participant20,climate change effects,1960,2,1,https://simple.wikipedia.org/wiki/Climate,http://localhost:7001/result?query=climate change effects&page=1,,,,,
searchResultGenerated,2026-03-11 16:08:55.963000+00:00,07403d1c-12db-450a-8e4f-c81f7d760330,Participant20,climate change effects,3235,3,1,https://kids.frontiersin.org/article/10.3389/frym.2015.00014,http://localhost:7001/result?query=climate change effects&page=1,,,,,
searchResultGenerated,2026-03-11 16:08:55.963000+00:00,07403d1c-12db-450a-8e4f-c81f7d760330,Participant20,climate change effects,2162,4,1,https://kids.frontiersin.org/article/10.3389/frym.2019.00161,http://localhost:7001/result?query=climate change effects&page=1,,,,,
searchResultGenerated,2026-03-11 16:08:55.964000+00:00,07403d1c-12db-450a-8e4f-c81f7d760330,Participant20,climate change effects,1988,5,1,https://kids.frontiersin.org/article/10.3389/frym.2019.00154,http://localhost:7001/result?query=climate change effects&page=1,,,,,
searchResultGenerated,2026-03-11 16:08:55.965000+00:00,07403d1c-12db-450a-8e4f-c81f7d760330,Participant20,climate change effects,3498,6,1,https://www.commonlit.org/texts/what-is-antarctica,http://localhost:7001/result?query=climate change effects&page=1,,,,,
searchResultGenerated,2026-03-11 16:08:55.965000+00:00,07403d1c-12db-450a-8e4f-c81f7d760330,Participant20,climate change effects,2813,7,1,https://simple.wikipedia.org/wiki/Meteorology,http://localhost:7001/result?query=climate change effects&page=1,,,,,
searchResultGenerated,2026-03-11 16:08:55.966000+00:00,07403d1c-12db-450a-8e4f-c81f7d760330,Participant20,climate change effects,2486,8,1,https://kids.frontiersin.org/article/10.3389/frym.2019.00037,http://localhost:7001/result?query=climate change effects&page=1,,,,,
searchResultGenerated,2026-03-11 16:08:55.966000+00:00,07403d1c-12db-450a-8e4f-c81f7d760330,Participant20,climate change effects,2033,9,1,https://en.wikipedia.org/wiki/Environmental_science,http://localhost:7001/result?query=climate change effects&page=1,,,,,
searchResultGenerated,2026-03-11 16:08:55.967000+00:00,07403d1c-12db-450a-8e4f-c81f7d760330,Participant20,climate change effects,2075,10,1,https://en.wikipedia.org/wiki/Geology,http://localhost:7001/result?query=climate change effects&page=1,,,,,
cursorEnteredSnippet,2026-03-11 16:08:57.082000+00:00,07403d1c-12db-450a-8e4f-c81f7d760330,Participant20,climate change effects,2599,1,1,https://kids.frontiersin.org/article/10.3389/frym.2019.00136,http://localhost:7001/result?query=climate change effects&page=1,,,,,
clickedResult,2026-03-11 16:08:57.783000+00:00,07403d1c-12db-450a-8e4f-c81f7d760330,Participant20,climate change effects,2599,1,1,https://kids.frontiersin.org/article/10.3389/frym.2019.00136,https://kids.frontiersin.org/article/10.3389/frym.2019.00136,,,,,
cursorLeftSnippet,2026-03-11 16:08:58.748000+00:00,07403d1c-12db-450a-8e4f-c81f7d760330,Participant20,climate change effects,2599,1,1,https://kids.frontiersin.org/article/10.3389/frym.2019.00136,http://localhost:7001/result?query=climate change effects&page=1,,,,,
wentBack,2026-03-11 16:09:04.085000+00:00,07403d1c-12db-450a-8e4f-c81f7d760330,Participant20,climate change effects,,,,,,https://kids.frontiersin.org/article/10.3389/frym.2019.00136,http://localhost:7001/result?query=climate change effects&page=1,,,
cursorEnteredSnippet,2026-03-11 16:09:06.349000+00:00,07403d1c-12db-450a-8e4f-c81f7d760330,Participant20,climate change effects,3498,6,1,https://www.commonlit.org/texts/what-is-antarctica,http://localhost:7001/result?query=climate change effects&page=1,,,,,
clickedResult,2026-03-11 16:09:06.987000+00:00,07403d1c-12db-450a-8e4f-c81f7d760330,Participant20,climate change effects,3498,6,1,https://www.commonlit.org/texts/what-is-antarctica,https://www.commonlit.org/texts/what-is-antarctica,,,,,
cursorLeftSnippet,2026-03-11 16:09:07.361000+00:00,07403d1c-12db-450a-8e4f-c81f7d760330,Participant20,climate change effects,3498,6,1,https://www.commonlit.org/texts/what-is-antarctica,http://localhost:7001/result?query=climate change effects&page=1,,,,,
wentBack,2026-03-11 16:09:14.141000+00:00,07403d1c-12db-450a-8e4f-c81f7d760330,Participant20,climate change effects,,,,,,https://www.commonlit.org/texts/what-is-antarctica,http://localhost:7001/result?query=climate change effects&page=1,,,
cursorEnteredSnippet,2026-03-11 16:09:15.382000+00:00,07403d1c-12db-450a-8e4f-c81f7d760330,Participant20,climate change effects,2033,9,1,https://en.wikipedia.org/wiki/Environmental_science,http://localhost:7001/result?query=climate change effects&page=1,,,,,
cursorLeftSnippet,2026-03-11 16:09:15.415000+00:00,07403d1c-12db-450a-8e4f-c81f7d760330,Participant20,climate change effects,2033,9,1,https://en.wikipedia.org/wiki/Environmental_science,http://localhost:7001/result?query=climate change effects&page=1,,,,,
cursorEnteredSnippet,2026-03-11 16:09:15.432000+00:00,07403d1c-12db-450a-8e4f-c81f7d760330,Participant20,climate change effects,2075,10,1,https://en.wikipedia.org/wiki/Geology,http://localhost:7001/result?query=climate change effects&page=1,,,,,
cursorLeftSnippet,2026-03-11 16:09:15.531000+00:00,07403d1c-12db-450a-8e4f-c81f7d760330,Participant20,climate change effects,2075,10,1,https://en.wikipedia.org/wiki/Geology,http://localhost:7001/result?query=climate change effects&page=1,,,,,
pageNavigationClicked,2026-03-11 16:09:16.098000+00:00,07403d1c-12db-450a-8e4f-c81f7d760330,Participant20,,,,,,,,,6,1.0,6.0
searchResultGenerated,2026-03-11 16:09:16.495000+00:00,07403d1c-12db-450a-8e4f-c81f7d760330,Participant20,climate change effects,3035,1,6,https://www.commonlit.org/texts/water-scarcity-a-global-issue,http://localhost:7001/result?query=climate+change+effects&page=6,,,,,
searchResultGenerated,2026-03-11 16:09:16.496000+00:00,07403d1c-12db-450a-8e4f-c81f7d760330,Participant20,climate change effects,4615,2,6,http://www.gutenberg.org/files/18746/18746-h/18746-h.htm#Page_774,http://localhost:7001/result?query=climate+change+effects&page=6,,,,,
searchResultGenerated,2026-03-11 16:09:16.497000+00:00,07403d1c-12db-450a-8e4f-c81f7d760330,Participant20,climate change effects,6225,3,6,http://www.gutenberg.org/cache/epub/9995/pg9995-images.html,http://localhost:7001/result?query=climate+change+effects&page=6,,,,,
searchResultGenerated,2026-03-11 16:09:16.497000+00:00,07403d1c-12db-450a-8e4f-c81f7d760330,Participant20,climate change effects,5862,4,6,http://www.gutenberg.org/files/1228/1228-h/1228-h.htm,http://localhost:7001/result?query=climate+change+effects&page=6,,,,,
searchResultGenerated,2026-03-11 16:09:16.498000+00:00,07403d1c-12db-450a-8e4f-c81f7d760330,Participant20,climate change effects,2915,5,6,https://kids.frontiersin.org/article/10.3389/frym.2016.00017,http://localhost:7001/result?query=climate+change+effects&page=6,,,,,
searchResultGenerated,2026-03-11 16:09:16.498000+00:00,07403d1c-12db-450a-8e4f-c81f7d760330,Participant20,climate change effects,2436,6,6,https://en.wikipedia.org/wiki/Ultraviolet,http://localhost:7001/result?query=climate+change+effects&page=6,,,,,
searchResultGenerated,2026-03-11 16:09:16.498000+00:00,07403d1c-12db-450a-8e4f-c81f7d760330,Participant20,climate change effects,4682,7,6,http://www.online-literature.com/william-dean-howells/stories-ohio/,http://localhost:7001/result?query=climate+change+effects&page=6,,,,,
searchResultGenerated,2026-03-11 16:09:16.499000+00:00,07403d1c-12db-450a-8e4f-c81f7d760330,Participant20,climate change effects,6298,8,6,http://www.gutenberg.org/files/3066/3066-h/3066-h.htm#link2HCH0001,http://localhost:7001/result?query=climate+change+effects&page=6,,,,,
searchResultGenerated,2026-03-11 16:09:16.499000+00:00,07403d1c-12db-450a-8e4f-c81f7d760330,Participant20,climate change effects,2452,9,6,https://en.wikipedia.org/wiki/Vacuum_energy,http://localhost:7001/result?query=climate+change+effects&page=6,,,,,
searchResultGenerated,2026-03-11 16:09:16.500000+00:00,07403d1c-12db-450a-8e4f-c81f7d760330,Participant20,climate change effects,2843,10,6,https://simple.wikipedia.org/wiki/Polarization,http://localhost:7001/result?query=climate+change+effects&page=6,,,,,
cursorEnteredSnippet,2026-03-11 16:09:16.537000+00:00,07403d1c-12db-450a-8e4f-c81f7d760330,Participant20,climate change effects,6225,3,6,http://www.gutenberg.org/cache/epub/9995/pg9995-images.html,http://localhost:7001/result?query=climate+change+effects&page=6,,,,,
cursorLeftSnippet,2026-03-11 16:09:16.602000+00:00,07403d1c-12db-450a-8e4f-c81f7d760330,Participant20,climate change effects,6225,3,6,http://www.gutenberg.org/cache/epub/9995/pg9995-images.html,http://localhost:7001/result?query=climate+change+effects&page=6,,,,,
cursorEnteredSnippet,2026-03-11 16:09:17.249000+00:00,07403d1c-12db-450a-8e4f-c81f7d760330,Participant20,climate change effects,4615,2,6,http://www.gutenberg.org/files/18746/18746-h/18746-h.htm#Page_774,http://localhost:7001/result?query=climate+change+effects&page=6,,,,,
clickedResult,2026-03-11 16:09:17.639000+00:00,07403d1c-12db-450a-8e4f-c81f7d760330,Participant20,climate change effects,4615,2,6,http://www.gutenberg.org/files/18746/18746-h/18746-h.htm#Page_774,http://www.gutenberg.org/files/18746/18746-h/18746-h.htm#Page_774,,,,,
cursorLeftSnippet,2026-03-11 16:09:19.913000+00:00,07403d1c-12db-450a-8e4f-c81f7d760330,Participant20,climate change effects,4615,2,6,http://www.gutenberg.org/files/18746/18746-h/18746-h.htm#Page_774,http://localhost:7001/result?query=climate+change+effects&page=6,,,,,
wentBack,2026-03-11 16:09:22.148000+00:00,07403d1c-12db-450a-8e4f-c81f7d760330,Participant20,climate change effects,,,,,,http://www.gutenberg.org/files/18746/18746-h/18746-h.htm#Page_774,http://localhost:7001/result?query=climate+change+effects&page=6,,,
cursorEnteredSnippet,2026-03-11 16:09:22.815000+00:00,07403d1c-12db-450a-8e4f-c81f7d760330,Participant20,climate change effects,3035,1,6,https://www.commonlit.org/texts/water-scarcity-a-global-issue,http://localhost:7001/result?query=climate+change+effects&page=6,,,,,
clickedResult,2026-03-11 16:09:23.281000+00:00,07403d1c-12db-450a-8e4f-c81f7d760330,Participant20,climate change effects,3035,1,6,https://www.commonlit.org/texts/water-scarcity-a-global-issue,https://www.commonlit.org/texts/water-scarcity-a-global-issue,,,,,
cursorLeftSnippet,2026-03-11 16:09:23.668000+00:00,07403d1c-12db-450a-8e4f-c81f7d760330,Participant20,climate change effects,3035,1,6,https://www.commonlit.org/texts/water-scarcity-a-global-issue,http://localhost:7001/result?query=climate+change+effects&page=6,,,,,
wentBack,2026-03-11 16:09:28.196000+00:00,07403d1c-12db-450a-8e4f-c81f7d760330,Participant20,climate change effects,,,,,,https://www.commonlit.org/texts/water-scarcity-a-global-issue,http://localhost:7001/result?query=climate+change+effects&page=6,,,
ClickedEndTask,2026-03-11 16:09:32.849000+00:00,07403d1c-12db-450a-8e4f-c81f7d760330,Participant20,,,,,,,,,,,
TaskEndConfirmed,2026-03-11 16:09:33.650000+00:00,07403d1c-12db-450a-8e4f-c81f7d760330,Participant20,,,,,,,,,,,
